Product_URL,Category,Product_ID,Extracted_At
https://chefaa.com:443/eg-ar/nowProduct/avetrix-gel-100gm-zpag,sexual-welness,sexual-welness_0001,2025-07-04T00:10:14.048118
https://chefaa.com:443/eg-ar/nowProduct/brilliant-100mg-8-f-c-tab-jc4t,sexual-welness,sexual-welness_0002,2025-07-04T00:10:14.048118
https://chefaa.com:443/eg-ar/nowProduct/cialis-20-mg-2-tab,sexual-welness,sexual-welness_0003,2025-07-04T00:10:14.048118
https://chefaa.com:443/eg-ar/nowProduct/cialis-20mg-4tablets-j4vd,sexual-welness,sexual-welness_0004,2025-07-04T00:10:14.048118
https://chefaa.com:443/eg-ar/nowProduct/control-aloevera-flavored-lubricant-75ml-xddc,sexual-welness,sexual-welness_0005,2025-07-04T00:10:14.048118
https://chefaa.com:443/eg-ar/nowProduct/control-gel-lubricante-warm-touch-75ml-palg_duPiWzGQ_dueFRbZD,sexual-welness,sexual-welness_0006,2025-07-04T00:10:14.048118
https://chefaa.com:443/eg-ar/nowProduct/derilgy-60mg-6tab-a7TfG,sexual-welness,sexual-welness_0007,2025-07-04T00:10:14.048118
https://chefaa.com:443/eg-ar/nowProduct/durex-air-ultrathin-3pcs-4jfy_duLNrHyJ,sexual-welness,sexual-welness_0008,2025-07-04T00:10:14.048118
https://chefaa.com:443/eg-ar/nowProduct/durex-chocolate-extra-thin-10-pcs-ftbt_duR4J4p1,sexual-welness,sexual-welness_0009,2025-07-04T00:10:14.048118
https://chefaa.com:443/eg-ar/nowProduct/durex-condom-extra-safe-12-pieces,sexual-welness,sexual-welness_0010,2025-07-04T00:10:14.048118
https://chefaa.com:443/eg-ar/nowProduct/durex-condom-fetherlite-ultra-12pcs-wfoq,sexual-welness,sexual-welness_0011,2025-07-04T00:10:14.048118
https://chefaa.com:443/eg-ar/nowProduct/durex-condoms-extra-ribbed-3pcs-9pco,sexual-welness,sexual-welness_0012,2025-07-04T00:10:14.048118
https://chefaa.com:443/eg-ar/nowProduct/durex-extra-safe-condom-pack-of-3,sexual-welness,sexual-welness_0013,2025-07-04T00:10:14.048118
https://chefaa.com:443/eg-ar/nowProduct/durex-extra-thin-bubblegum-condom-3pcs-mucq_duF7Z3vS,sexual-welness,sexual-welness_0014,2025-07-04T00:10:14.048118
https://chefaa.com:443/eg-ar/nowProduct/durex-extra-thin-condoms-3-pcs-eov3,sexual-welness,sexual-welness_0015,2025-07-04T00:10:14.048118
https://chefaa.com:443/eg-ar/nowProduct/durex-extra-thin-strawberry-3pcs-gufc_dulIxhcK_duDcvRIl,sexual-welness,sexual-welness_0016,2025-07-04T00:10:14.048118
https://chefaa.com:443/eg-ar/nowProduct/durex-extra-thin-strawberry-3pcs-gufc_duz0elmZ,sexual-welness,sexual-welness_0017,2025-07-04T00:10:14.048118
https://chefaa.com:443/eg-ar/nowProduct/durex-extra-time-condoms-for-men-10pcs-rzlc,sexual-welness,sexual-welness_0018,2025-07-04T00:10:14.048118
https://chefaa.com:443/eg-ar/nowProduct/durex-intense-pleasure-ribbed-and-dotted-condoms-12pcs-bqqi,sexual-welness,sexual-welness_0019,2025-07-04T00:10:14.048118
https://chefaa.com:443/eg-ar/nowProduct/durex-naughty-chocolate-condoms-3-pieces-5n5c,sexual-welness,sexual-welness_0020,2025-07-04T00:10:14.048118
https://chefaa.com:443/eg-ar/nowProduct/durex-performax-intense-3-condoms,sexual-welness,sexual-welness_0021,2025-07-04T00:10:14.048118
https://chefaa.com:443/eg-ar/nowProduct/durex-play-cheeky-cherry-pleasure-gel-50-ml_duaFp3CE,sexual-welness,sexual-welness_0022,2025-07-04T00:10:14.048118
https://chefaa.com:443/eg-ar/nowProduct/durex-play-feel-50-mll,sexual-welness,sexual-welness_0023,2025-07-04T00:10:14.048118
https://chefaa.com:443/eg-ar/nowProduct/durex-play-perfect-glide-silicone-lubricant-50ml-7mir,sexual-welness,sexual-welness_0024,2025-07-04T00:10:14.048118
https://chefaa.com:443/eg-ar/nowProduct/durex-play-strawberry-50-ml,sexual-welness,sexual-welness_0025,2025-07-04T00:10:14.048118
https://chefaa.com:443/eg-ar/nowProduct/durex-play-warming-50ml-rgac_dubf5Y72,sexual-welness,sexual-welness_0026,2025-07-04T00:10:14.048118
https://chefaa.com:443/eg-ar/nowProduct/durex-pleasuremax-3-pcs,sexual-welness,sexual-welness_0027,2025-07-04T00:10:14.048118
https://chefaa.com:443/eg-ar/nowProduct/durex-strawberry-flavored-condoms-3-condoms,sexual-welness,sexual-welness_0028,2025-07-04T00:10:14.048118
https://chefaa.com:443/eg-ar/nowProduct/durjoy-60-mg-3-tab-lycm,sexual-welness,sexual-welness_0029,2025-07-04T00:10:14.048118
https://chefaa.com:443/eg-ar/nowProduct/erectalis-20-mg-2-tab-maww_duOeYe4T_duOqxREO,sexual-welness,sexual-welness_0030,2025-07-04T00:10:14.048118
https://chefaa.com:443/eg-ar/nowProduct/erectalis-5mg-30-tablet-ogxw,sexual-welness,sexual-welness_0031,2025-07-04T00:10:14.048118
https://chefaa.com:443/eg-ar/nowProduct/fiesta-dotted-condoms-caramel-flavor-3-pcs-pups,sexual-welness,sexual-welness_0032,2025-07-04T00:10:14.048118
https://chefaa.com:443/eg-ar/nowProduct/fiesta-dotted-condoms-chocolate-flavor-3-pcs-2qbw,sexual-welness,sexual-welness_0033,2025-07-04T00:10:14.048118
https://chefaa.com:443/eg-ar/nowProduct/fiesta-ribbed-banana-condoms-3pcs-ssll,sexual-welness,sexual-welness_0034,2025-07-04T00:10:14.048118
https://chefaa.com:443/eg-ar/nowProduct/honey-feel-skin-emollient-creamRHZC,sexual-welness,sexual-welness_0035,2025-07-04T00:10:14.048118
https://chefaa.com:443/eg-ar/nowProduct/joy-drops-chocolate-lubricant-gel-100-ml,sexual-welness,sexual-welness_0036,2025-07-04T00:10:14.048118
https://chefaa.com:443/eg-ar/nowProduct/joy-drops-delay-lubricant-gel-50-ml,sexual-welness,sexual-welness_0037,2025-07-04T00:10:14.048118
https://chefaa.com:443/eg-ar/nowProduct/joy-drops-strawberry-lubricant-gel-100-ml,sexual-welness,sexual-welness_0038,2025-07-04T00:10:14.048118
https://chefaa.com:443/eg-ar/nowProduct/joypox-60mg-6tab-ddwl,sexual-welness,sexual-welness_0039,2025-07-04T00:10:14.048118
https://chefaa.com:443/eg-ar/nowProduct/kly-jelly-gel-42--gmKL1J,sexual-welness,sexual-welness_0040,2025-07-04T00:10:14.048118
https://chefaa.com:443/eg-ar/nowProduct/kly-jelly-gel-82-gmYeVo,sexual-welness,sexual-welness_0041,2025-07-04T00:10:14.048118
https://chefaa.com:443/eg-ar/nowProduct/one-touch-condom-strawberry-3pcs-pc3x_duv0tyNy,sexual-welness,sexual-welness_0042,2025-07-04T00:10:14.048118
https://chefaa.com:443/eg-ar/nowProduct/one-touch-maxx-dot-condom-3pcs-ffq2_dumPmD2A,sexual-welness,sexual-welness_0043,2025-07-04T00:10:14.048118
https://chefaa.com:443/eg-ar/nowProduct/onetouch-mixx-3-condom-3pcs-f8py,sexual-welness,sexual-welness_0044,2025-07-04T00:10:14.048118
https://chefaa.com:443/eg-ar/nowProduct/oview-ovulation-test,sexual-welness,sexual-welness_0045,2025-07-04T00:10:14.048118
https://chefaa.com:443/eg-ar/nowProduct/silden-50mg-4tab-pbod,sexual-welness,sexual-welness_0046,2025-07-04T00:10:14.048118
https://chefaa.com:443/eg-ar/nowProduct/simplex-black-condom-deluxe-3pcs-2tg1,sexual-welness,sexual-welness_0047,2025-07-04T00:10:14.048118
https://chefaa.com:443/eg-ar/nowProduct/simplex-black-condom-long-love-3pcs-wec4,sexual-welness,sexual-welness_0048,2025-07-04T00:10:14.048118
https://chefaa.com:443/eg-ar/nowProduct/simplex-black-condom-super-safe-3pcs-94ow,sexual-welness,sexual-welness_0049,2025-07-04T00:10:14.048118
https://chefaa.com:443/eg-ar/nowProduct/simplex-black-condom-with-banana-3pcs-0gbo,sexual-welness,sexual-welness_0050,2025-07-04T00:10:14.048118
https://chefaa.com:443/eg-ar/nowProduct/simplex-black-condom-with-choco-3pcs-nbtn,sexual-welness,sexual-welness_0051,2025-07-04T00:10:14.048118
https://chefaa.com:443/eg-ar/nowProduct/simplex-black-condom-with-mint-3pcs-oduj,sexual-welness,sexual-welness_0052,2025-07-04T00:10:14.048118
https://chefaa.com:443/eg-ar/nowProduct/simplex-black-condom-with-orange-3pcs-jkou,sexual-welness,sexual-welness_0053,2025-07-04T00:10:14.048118
https://chefaa.com:443/eg-ar/nowProduct/simplex-black-condom-with-strawberry-3pcs-yasw,sexual-welness,sexual-welness_0054,2025-07-04T00:10:14.048118
https://chefaa.com:443/eg-ar/nowProduct/simplex-black-lychee-condom-3pcs-acde,sexual-welness,sexual-welness_0055,2025-07-04T00:10:14.048118
https://chefaa.com:443/eg-ar/nowProduct/simplex-black-mango-condom-3pcs-lza5,sexual-welness,sexual-welness_0056,2025-07-04T00:10:14.048118
https://chefaa.com:443/eg-ar/nowProduct/simplex-black-panther-condom-3pcs-ltkg,sexual-welness,sexual-welness_0057,2025-07-04T00:10:14.048118
https://chefaa.com:443/eg-ar/nowProduct/simplex-black-stallion-condom-3pcs-xdm8,sexual-welness,sexual-welness_0058,2025-07-04T00:10:14.048118
https://chefaa.com:443/eg-ar/nowProduct/simplex-black-super-thin-condom-3pcs-ai6d,sexual-welness,sexual-welness_0059,2025-07-04T00:10:14.048118
https://chefaa.com:443/eg-ar/nowProduct/surecheck-pregnancy-test,sexual-welness,sexual-welness_0060,2025-07-04T00:10:14.048118
https://chefaa.com:443/eg-ar/nowProduct/trib-gold-30-caps-d58n,sexual-welness,sexual-welness_0061,2025-07-04T00:10:14.048118
https://chefaa.com:443/eg-ar/nowProduct/ultra-rabbed-3-condomsylSL,sexual-welness,sexual-welness_0062,2025-07-04T00:10:14.048118
https://chefaa.com:443/eg-ar/nowProduct/varde-20mg-4tab-kmuz,sexual-welness,sexual-welness_0063,2025-07-04T00:10:14.048118
https://chefaa.com:443/eg-ar/nowProduct/vardenorect-20mg-8tab-vus5,sexual-welness,sexual-welness_0064,2025-07-04T00:10:14.048118
